sheet_name,original_colname,cleaned_colname,inferred_meaning
患者基本信息,患者编号,患者编号,患者源编号
患者基本信息,姓名,姓名,
患者基本信息,性别,性别,性别
就诊信息,患者编号,患者编号,患者源编号
就诊信息,就诊编号,就诊编号,就诊源编号
就诊信息,健康卡号,健康卡号,
就诊信息,就诊日期,就诊日期,日期/时间
就诊信息,就诊类型,就诊类型,
就诊信息,就诊时年龄（天）,就诊时年龄_天,
就诊信息,门诊号,门诊号,
就诊信息,住院号,住院号,
就诊信息,就诊科室,就诊科室,
就诊信息,入院日期,入院日期,日期/时间
就诊信息,入院科室,入院科室,
就诊信息,出院科室,出院科室,
就诊信息,出院日期,出院日期,日期/时间
就诊信息,住院天数,住院天数,
就诊信息,年龄换算（天）,年龄换算_天,
就诊信息,就诊医生姓名（主治医生）,就诊医生姓名_主治医生,
就诊信息,住院总次数,住院总次数,
就诊信息,住院次数,住院次数,
门诊诊病历,患者编号,患者编号,患者源编号
门诊诊病历,就诊编号,就诊编号,就诊源编号
门诊诊病历,个人史,个人史,
门诊诊病历,主诉,主诉,
门诊诊病历,家族史,家族史,
门诊诊病历,既往史,既往史,
门诊诊病历,月经史,月经史,
门诊诊病历,查体,查体,
门诊诊病历,简要病史,简要病史,
门诊诊病历,诊断,诊断,诊断文本
门诊诊病历,嘱咐,嘱咐,
门诊诊病历,体重,体重,体重
门诊诊病历,体温,体温,
门诊诊病历,就诊时间,就诊时间,日期/时间
病案基本信息,患者编号,患者编号,患者源编号
病案基本信息,住院就诊编号,住院就诊编号,就诊源编号
病案基本信息,入院科室名称,入院科室名称,
病案基本信息,年龄,年龄,
病案基本信息,年龄换算（天）,年龄换算_天,
病案基本信息,姓名,姓名,
病案基本信息,入院时间,入院时间,日期/时间
病案基本信息,出院时间,出院时间,日期/时间
病案基本信息,入院诊断名称,入院诊断名称,诊断文本
病案基本信息,住院天数,住院天数,
病案基本信息,性别名称,性别名称,性别
病案基本信息,入院途径名称,入院途径名称,
病案基本信息,离院方式名称,离院方式名称,
病案基本信息,转科信息,转科信息,
病案基本信息,出院科室名称,出院科室名称,
病案基本信息,出生日期,出生日期,出生日期
病案基本信息,病案号（前面有0）,病案号_前面有0,
病案基本信息,病案号（前面无0）,病案号_前面无0,
病案基本信息,住院次数,住院次数,
病案诊断_行级,患者编号,患者编号,患者源编号
病案诊断_行级,就诊编号,就诊编号,就诊源编号
病案诊断_行级,case_id,case_id,
病案诊断_行级,诊断类别名称,诊断类别名称,诊断文本
病案诊断_行级,诊断编码,诊断编码,诊断文本
病案诊断_行级,诊断名称,诊断名称,诊断文本
病案诊断_行级,临床诊断描述,临床诊断描述,诊断文本
病案诊断_行级,记录时间,记录时间,日期/时间
病案诊断_行级,入院时间,入院时间,日期/时间
药物治疗,患者编号,患者编号,患者源编号
药物治疗,就诊编号,就诊编号,就诊源编号
药物治疗,医嘱开始时间,医嘱开始时间,日期/时间
药物治疗,医嘱结束时间,医嘱结束时间,日期/时间
药物治疗,药品名称（归一化）,药品名称_归一化,药物
药物治疗,药品名称,药品名称,药物
药物治疗,药物单次剂量,药物单次剂量,
药物治疗,药物剂量单位,药物剂量单位,单位
药物治疗,给药途径,给药途径,
药物治疗,用药频次,用药频次,
药物治疗,医嘱类型名称,医嘱类型名称,
药物治疗,药物分类,药物分类,
药物治疗,医嘱状态名称,医嘱状态名称,
住院非用医医嘱,患者编号,患者编号,患者源编号
住院非用医医嘱,就诊编号,就诊编号,就诊源编号
住院非用医医嘱,医嘱开始时间,医嘱开始时间,日期/时间
住院非用医医嘱,医嘱编号,医嘱编号,
住院非用医医嘱,医嘱结束时间,医嘱结束时间,日期/时间
住院非用医医嘱,医嘱名称,医嘱名称,
住院非用医医嘱,每次用量,每次用量,
住院非用医医嘱,用量单位名称,用量单位名称,单位
住院非用医医嘱,用法名称,用法名称,
住院非用医医嘱,医嘱状态名称,医嘱状态名称,
住院非用医医嘱,频次名称,频次名称,
住院非用医医嘱,医嘱类别名称,医嘱类别名称,
住院非用医医嘱,源系统住院号,源系统住院号,
住院非用医医嘱,源系统门诊号,源系统门诊号,
门诊处方,患者编号,患者编号,患者源编号
门诊处方,就诊编号,就诊编号,就诊源编号
门诊处方,处方编号,处方编号,处方/医嘱
门诊处方,开方时间,开方时间,日期/时间
门诊处方,处方名称,处方名称,处方/医嘱
门诊处方,每次用量,每次用量,
门诊处方,用量单位名称,用量单位名称,单位
门诊处方,用法名称,用法名称,
门诊处方,频次名称,频次名称,
门诊处方,处方类别名称,处方类别名称,处方/医嘱
门诊处方,处方明细编号,处方明细编号,处方/医嘱
门诊处方,患者id号,患者id号,
实验室检查_行级数据,患者编号,患者编号,患者源编号
实验室检查_行级数据,病人就诊编号,病人就诊编号,就诊源编号
实验室检查_行级数据,报告编号,报告编号,检查/检验报告
实验室检查_行级数据,检验时间,检验时间,日期/时间
实验室检查_行级数据,样本名称,样本名称,
实验室检查_行级数据,报告名称,报告名称,检查/检验报告
实验室检查_行级数据,检验项目名称,检验项目名称,实验室项目
实验室检查_行级数据,结果类型,结果类型,
实验室检查_行级数据,检验定性结果,检验定性结果,
实验室检查_行级数据,检验结果,检验结果,
实验室检查_行级数据,检验定量结果,检验定量结果,实验室数值
实验室检查_行级数据,检验定量结果单位,检验定量结果单位,实验室数值
实验室检查_行级数据,参考值范围,参考值范围,
实验室检查_行级数据,申请单号,申请单号,
微生物报告,患者编号,患者编号,患者源编号
微生物报告,就诊编号,就诊编号,就诊源编号
微生物报告,报告编号,报告编号,检查/检验报告
微生物报告,报告名称,报告名称,检查/检验报告
微生物报告,报告时间,报告时间,日期/时间
微生物报告,样本名称,样本名称,
微生物报告,细菌名称,细菌名称,
微生物报告,细菌结果,细菌结果,
微生物报告,药敏结果,药敏结果,
微生物报告,药品名称,药品名称,药物
微生物报告,最低抑菌浓度,最低抑菌浓度,
微生物报告,药敏文本结果,药敏文本结果,
微生物报告,住院号,住院号,
微生物报告,患者ID号,患者id号,
CT报告,患者编号,患者编号,患者源编号
CT报告,病人就诊编号,病人就诊编号,就诊源编号
CT报告,报告编号,报告编号,检查/检验报告
CT报告,病人就诊类型,病人就诊类型,
CT报告,报告时间,报告时间,日期/时间
CT报告,报告名称,报告名称,检查/检验报告
CT报告,报告小分类名称,报告小分类名称,检查/检验报告
CT报告,检查部位名称,检查部位名称,
CT报告,检查所见,检查所见,
CT报告,检查结论,检查结论,
CT报告,门诊号,门诊号,
CT报告,住院号,住院号,
CT报告,影像号,影像号,
X射线报告,患者编号,患者编号,患者源编号
X射线报告,病人就诊编号,病人就诊编号,就诊源编号
X射线报告,病人就诊类型,病人就诊类型,
X射线报告,报告名称,报告名称,检查/检验报告
X射线报告,报告小分类名称,报告小分类名称,检查/检验报告
X射线报告,报告时间,报告时间,日期/时间
X射线报告,检查部位名称,检查部位名称,
X射线报告,检查所见,检查所见,
X射线报告,检查结论,检查结论,
X射线报告,影像号,影像号,
X射线报告,住院号,住院号,
X射线报告,患者ID号,患者id号,
磁共振报告,患者编号,患者编号,患者源编号
磁共振报告,病人就诊编号,病人就诊编号,就诊源编号
磁共振报告,病人就诊类型,病人就诊类型,
磁共振报告,报告名称,报告名称,检查/检验报告
磁共振报告,报告小分类名称,报告小分类名称,检查/检验报告
磁共振报告,报告时间,报告时间,日期/时间
磁共振报告,检查名称,检查名称,
磁共振报告,检查所见,检查所见,
磁共振报告,检查结论,检查结论,
磁共振报告,影像号,影像号,
磁共振报告,住院号,住院号,
磁共振报告,患者ID号,患者id号,
骨髓室报告,患者编号,患者编号,患者源编号
骨髓室报告,患者就诊编号,患者就诊编号,就诊源编号
骨髓室报告,患者ID号,患者id号,
骨髓室报告,标本编号,标本编号,
骨髓室报告,姓名,姓名,
骨髓室报告,性别,性别,性别
骨髓室报告,年龄,年龄,
骨髓室报告,床号,床号,
骨髓室报告,临床诊断,临床诊断,诊断文本
骨髓室报告,取材部位,取材部位,
骨髓室报告,意见,意见,
骨髓室报告,分析,分析,
骨髓室报告,送检时间,送检时间,日期/时间
骨髓室报告,报告时间,报告时间,日期/时间
骨髓室报告,申请科室,申请科室,
首次病程记录,患者编号,患者编号,患者源编号
首次病程记录,就诊编号,就诊编号,就诊源编号
首次病程记录,首次病程病史,首次病程病史,
首次病程记录,首次病程诊疗计划,首次病程诊疗计划,
首次病程记录,首次病程诊断依据,首次病程诊断依据,诊断文本
首次病程记录,首次病程文书记录时间,首次病程文书记录时间,日期/时间
首次病程记录,住院号,住院号,
首次病程记录,患者ID号,患者id号,
首次病程记录,日期,日期,日期/时间
首次查房记录,患者编号,患者编号,患者源编号
首次查房记录,就诊编号,就诊编号,就诊源编号
首次查房记录,病史特点,病史特点,
首次查房记录,诊断和鉴别诊断及其依据,诊断和鉴别诊断及其依据,诊断文本
首次查房记录,治疗措施及进一步辅助检查指示,治疗措施及进一步辅助检查指示,
首次查房记录,创建时间,创建时间,日期/时间
首次查房记录,住院号,住院号,
首次查房记录,患者ID号,患者id号,
入院记录,患者编号,患者编号,患者源编号
入院记录,就诊编号,就诊编号,就诊源编号
入院记录,患者ID号,患者id号,
入院记录,住院号,住院号,
入院记录,入院记录心率,入院记录心率,
入院记录,入院记录体温,入院记录体温,
入院记录,入院记录呼吸频率,入院记录呼吸频率,
入院记录,入院记录早产,入院记录早产,
入院记录,入院记录孕周,入院记录孕周,
入院记录,入院记录神经系统,入院记录神经系统,
入院记录,入院记录心脏,入院记录心脏,
入院记录,入院记录一般测量,入院记录一般测量,
入院记录,入院记录初步诊断,入院记录初步诊断,诊断文本
入院记录,入院记录口,入院记录口,
入院记录,入院记录肛门外生殖器,入院记录肛门外生殖器,
入院记录,入院记录耳,入院记录耳,
入院记录,入院记录浅表淋巴结,入院记录浅表淋巴结,
入院记录,入院记录专科情况,入院记录专科情况,
入院记录,入院记录头部,入院记录头部,
入院记录,入院记录胸部,入院记录胸部,
入院记录,入院记录颈部,入院记录颈部,
入院记录,入院记录腹部,入院记录腹部,
入院记录,入院记录生长发育史,入院记录生长发育史,
入院记录,入院记录辅助检查,入院记录辅助检查,
入院记录,入院记录体格检查,入院记录体格检查,
入院记录,入院记录既往史,入院记录既往史,
入院记录,入院记录喂养史,入院记录喂养史,
入院记录,入院记录现病史,入院记录现病史,
入院记录,入院记录主诉,入院记录主诉,
入院记录,入院记录体重,入院记录体重,体重
入院记录,入院记录身高,入院记录身高,身高
入院记录,生产方式,生产方式,
入院记录,孕次,孕次,
入院记录,产次,产次,
入院记录,入院记录出生史,入院记录出生史,出生日期
入院记录,入院途径,入院途径,
入院记录,入院记录血压,入院记录血压,
入院记录,入院记录预防接种史,入院记录预防接种史,
入院记录,入院记录家庭及生活环境史,入院记录家庭及生活环境史,
入院记录,新生儿出生体重,新生儿出生体重,出生日期
入院记录,新生儿入院体重,新生儿入院体重,体重
入院记录,日期,日期,日期/时间
出院记录,患者编号,患者编号,患者源编号
出院记录,就诊编号,就诊编号,就诊源编号
出院记录,入院诊断,入院诊断,诊断文本
出院记录,出院诊断,出院诊断,诊断文本
出院记录,入院情况,入院情况,
出院记录,出院情况,出院情况,
出院记录,教育指导,教育指导,
出院记录,随访指导,随访指导,
出院记录,用药指导,用药指导,
出院记录,主要治疗,主要治疗,
出院记录,诊疗经过,诊疗经过,
出院记录,日期,日期,日期/时间
分子中心,患者编号,患者编号,患者源编号
分子中心,就诊编号,就诊编号,就诊源编号
分子中心,就诊类型,就诊类型,
分子中心,报告名称,报告名称,检查/检验报告
分子中心,报告时间,报告时间,日期/时间
分子中心,采样时间,采样时间,日期/时间
分子中心,样本名称,样本名称,
分子中心,检验方法,检验方法,
分子中心,项目名称,项目名称,
分子中心,结果,结果,
分子中心,单位,单位,单位
分子中心,参考值,参考值,
分子中心,定量结果,定量结果,实验室数值
分子中心,原始文本,原始文本,
